{"cameraMode":{"drawMode":0,"name":"Shaded","section":"Shading Mode"},"sceneLighting":true,"audioPlay":false,"sceneViewState":{"m_AlwaysRefresh":false,"showFog":true,"showSkybox":true,"showFlares":true,"showImageEffects":true,"showParticleSystems":true,"showVisualEffectGraphs":true,"m_FxEnabled":true},"in2DMode":false,"pivot":{"x":54.75904846191406,"y":4.161486625671387,"z":-11.953392028808594},"rotation":{"x":-0.009629009291529656,"y":0.9889506697654724,"z":-0.07431859523057938,"w":-0.12799988687038423},"size":1.325356364250183,"orthographic":false}