{"cameraMode":{"drawMode":0,"name":"Shaded","section":"Shading Mode"},"sceneLighting":false,"audioPlay":false,"sceneViewState":{"m_AlwaysRefresh":false,"showFog":true,"showSkybox":true,"showFlares":true,"showImageEffects":true,"showParticleSystems":true,"showVisualEffectGraphs":true,"m_FxEnabled":true},"in2DMode":false,"pivot":{"x":57.62654495239258,"y":1.3855280876159669,"z":-56.25798034667969},"rotation":{"x":0.047325681895017627,"y":-0.9128313064575195,"z":0.3902380168437958,"w":0.11069921404123306},"size":2.7345316410064699,"orthographic":false}